{
  "file": "20251104.pcap",
  "total_packets": 779,
  "protocol_distribution": {
    "TCP": 698,
    "UDP": 71,
    "IP": 10
  },
  "statistics": {
    "avg_packet_size": 12432.61489088575,
    "min_packet_size": 36,
    "max_packet_size": 65535,
    "avg_interval": 0.10856104627249347,
    "min_interval": 2e-06,
    "max_interval": 6.867844
  },
  "packet_size_sample": [
    52,
    52,
    44,
    444,
    44,
    102,
    44,
    72,
    72,
    64,
    1521,
    64,
    157,
    157,
    157,
    157,
    157,
    157,
    157,
    157,
    4160,
    64,
    4160,
    64,
    2042,
    64,
    144,
    64,
    319,
    64,
    319,
    64,
    45,
    44,
    45,
    44,
    1452,
    102,
    64,
    357,
    64,
    88,
    64,
    88,
    64,
    64,
    64,
    64,
    64,
    1702,
    44,
    1702,
    44,
    2322,
    44,
    4627,
    44,
    5885,
    44,
    3580,
    44,
    117,
    44,
    83,
    44,
    96,
    44,
    83,
    44,
    111,
    44,
    65535,
    44,
    65535,
    44,
    8950,
    44,
    65535,
    44,
    65535,
    44,
    8950,
    44,
    56633,
    44,
    65535,
    44,
    4114,
    44,
    56633,
    44,
    65535,
    44,
    4114,
    44,
    61469,
    44,
    57575,
    44,
    61469
  ],
  "interval_sample": [
    6.2e-05,
    2.7e-05,
    9e-05,
    1.4e-05,
    4.1e-05,
    9e-06,
    4.791134,
    7.9e-05,
    2.5e-05,
    0.004661,
    3.1e-05,
    0.246955,
    0.000175,
    0.000189,
    0.000122,
    0.000136,
    0.000104,
    0.000118,
    0.000154,
    0.050187,
    3.2e-05,
    0.637941,
    4.2e-05,
    0.340674,
    3.1e-05,
    0.006535,
    1.5e-05,
    0.039785,
    2.2e-05,
    0.029026,
    3.2e-05,
    0.745411,
    6.7e-05,
    0.000233,
    1.4e-05,
    0.093454,
    0.169514,
    3.8e-05,
    0.007082,
    2.7e-05,
    0.002946,
    2.6e-05,
    0.000149,
    1.9e-05,
    3.3e-05,
    1.2e-05,
    0.012022,
    2.6e-05,
    0.697582,
    2.4e-05,
    7.2e-05,
    1.7e-05,
    0.000845,
    2e-05,
    0.000117,
    1.5e-05,
    0.00018,
    1.8e-05,
    0.000166,
    1.9e-05,
    0.003119,
    4.5e-05,
    1.9e-05,
    9e-06,
    0.000192,
    1.7e-05,
    0.000107,
    8e-06,
    0.001048,
    1.5e-05,
    0.011009,
    3.8e-05,
    1.2e-05,
    3.5e-05,
    9e-06,
    1.6e-05,
    0.002583,
    2.5e-05,
    1.2e-05,
    2.5e-05,
    8e-06,
    1.1e-05,
    0.005102,
    4.3e-05,
    1e-05,
    1.7e-05,
    6e-06,
    1e-05,
    0.002323,
    4e-05,
    1.5e-05,
    2e-05,
    6e-06,
    9e-06,
    0.008916,
    4.5e-05,
    1.1e-05,
    3.4e-05,
    0.002468,
    3.4e-05
  ]
}