{
  "file": "normal_browsing_30s.pcap",
  "total_packets": 16119,
  "protocol_distribution": {
    "Ethernet": 115,
    "IP": 13,
    "HTTPS": 1140,
    "QUIC": 13914,
    "DNS": 779,
    "TCP": 70,
    "UDP": 60,
    "IPv6": 21,
    "HTTP": 7
  },
  "statistics": {
    "avg_packet_size": 938.1750728953409,
    "min_packet_size": 42,
    "max_packet_size": 1506,
    "avg_interval": 0.005339973445836928,
    "min_interval": -1.6e-05,
    "max_interval": 1.000085
  },
  "packet_size_sample": [
    64,
    60,
    247,
    247,
    106,
    74,
    46,
    102,
    74,
    106,
    106,
    1286,
    852,
    74,
    74,
    110,
    46,
    110,
    97,
    92,
    98,
    64,
    102,
    102,
    846,
    74,
    74,
    101,
    816,
    98,
    110,
    87,
    107,
    84,
    60,
    46,
    64,
    107,
    123,
    94,
    152,
    99,
    60,
    54,
    99,
    189,
    124,
    140,
    124,
    140,
    124,
    140,
    122,
    189,
    122,
    138,
    123,
    123,
    139,
    122,
    139,
    122,
    138,
    123,
    138,
    98,
    102,
    138,
    74,
    123,
    139,
    123,
    123,
    139,
    123,
    139,
    123,
    139,
    139,
    122,
    138,
    123,
    123,
    98,
    102,
    74,
    139,
    95,
    139,
    199,
    95,
    111,
    139,
    86,
    64,
    64,
    82,
    78,
    54,
    115
  ],
  "interval_sample": [
    0.0,
    0.254821,
    0.0,
    0.017935,
    0.004475,
    0.104451,
    0.042427,
    0.049389,
    0.391295,
    0.000145,
    0.001977,
    7.7e-05,
    0.002156,
    0.0,
    0.002541,
    0.007563,
    0.011901,
    0.019052,
    0.001749,
    0.000173,
    0.086883,
    0.017019,
    0.00029,
    0.041679,
    0.00795,
    1e-06,
    0.03108,
    0.00137,
    0.000129,
    0.021171,
    0.042529,
    0.002992,
    0.178456,
    0.00454,
    0.04095,
    0.60981,
    0.147352,
    0.004536,
    0.000476,
    0.004526,
    0.000386,
    0.033336,
    3.8e-05,
    0.001986,
    0.029939,
    0.0007,
    0.006481,
    0.000523,
    0.006473,
    0.000496,
    0.006246,
    0.000444,
    0.017388,
    0.009711,
    0.006714,
    0.000569,
    0.03881,
    0.007051,
    0.000605,
    0.028127,
    0.010225,
    0.001995,
    0.000597,
    0.005308,
    0.004812,
    0.000257,
    0.003755,
    0.000999,
    0.012286,
    8.8e-05,
    0.000605,
    0.030245,
    0.009162,
    0.000763,
    0.008484,
    0.000569,
    0.006721,
    5.6e-05,
    0.00043,
    0.006604,
    0.000393,
    0.028773,
    0.002188,
    0.000116,
    0.004483,
    0.000907,
    0.000508,
    0.002619,
    0.003762,
    0.000496,
    0.004389,
    0.014491,
    0.011517,
    0.468561,
    1.000085,
    0.340298,
    0.039044,
    0.052882,
    0.427464,
    0.004011
  ]
}